Nom;Organisation de base;lieu;Description;Page;Page 2;lat;lng
RED EUROPEA DE INTERCAMBIO DE CONOCIMIENTOS AGROECOLÓGICOS;COORDINATION EUROPÉENNE VIA CAMPESINA (ECVC);Belgium;Le réseau européen d'échange de connaissances agroécologiques (EAKEN) a pour objectif de mettre en lien les initiatives européennes qui encouragent l'échange de savoirs agroécologiques paysans. Ce réseau fait partie d'un processus international mené par La Vía Campesina (LVC) et coordonné en Europe par la Coordination européenne Vía Campesina (ECVC).;https://www.eurovia.org/eaken/;;50,8519;4,3665
AMRITA BHOOMI;LA VIA CAMPESINA SOUTH ASIA;India;"Amrita Bhoomi (qui signifie ""Terre éternelle"" en langue kannada) est un centre de développement durable et une école d'agroécologie fondée par le mouvement paysan indien KRRS dans l'État du Karnataka, au sud de l'Inde. Il est formé de plusieurs éléments qui reflètent l’engagement du centre pour un avenir plus prospère, équitable et écologique. Ces éléments portent sur la formation et la promotion de l'agroécologie et de l'agriculture naturelle, les énergies renouvelables, la construction écologique et la diversification économique basée sur les petites industries artisanales ainsi que l'éducation, la lutte contre le travail des enfants, les inégalités et la discrimination, et la création de coopératives et de liens directs entre les producteurs et les consommateurs. Tous ces éléments sont orientés dans le sens d'une plus grande autosuffisance et capacité d'action collective des communautés paysannes. Les communautés locales veulent qu'on leur fournisse des outils éducatifs dans le cadre de ce projet pour qu'elles puissent reconstruire leur indépendance et leur dignité. Amrita Bhoomi travaille pour éradiquer la pauvreté à travers la construction collective d'économies locales écologiques et équitables qui protègent les communautés contre les ravages du marché mondial. Le projet constitue une réponse à la crise désastreuse qui frappe l'économie rurale en Inde, comme le montre la vague croissante de suicides dans les familles rurales noyées dans les dettes (selon des données du gouvernement, plus de 200 000 paysans se sont suicidés de 1993 à 2013 en raison de leur endettement, et ce chiffre ne comprend que les cas officiellement documentés et n'inclut pas les tentatives de suicide), et la migration massive vers les taudis des grandes villes. Dans ce contexte, Amrita Bhoomi contribue à la reconstruction de la souveraineté alimentaire et de la biodiversité agricole et animale d'élevage, à l'autogestion durable des ressources naturelles, à l'accès universel à l'éducation et au renforcement des économies locales qui permettent aux communautés paysannes de se maintenir dans leurs territoires et leur procure une perspective d'avenir positive. Le centre de formation sur les cycles de la vie et l'école d'agroécologie, lequel inclut les logements pour le personnel qui travaille en permanence dans le centre, et une banque d'élevage, ont déjà été construits. Après une première expérience sur une petite parcelle, l'agriculture agroécologique sera mise en œuvre sur une ferme modèle de 20 hectares. Il est prévu que dans les prochaines années, une banque de semences, une réserve de plantes médicinales, d'autres unités de logement pour le personnel permanent du centre et une garderie (pour les enfants du personnel et des paysans qui reçoivent la formation), un Centre de la diversification économique et une école alternative baptisée École verte seront construits. L'objectif du centre est de fonctionner à plein rendement et d'atteindre l'autosuffisance économique. Le Centre est une partie essentielle de la stratégie à long terme du mouvement des paysans dans l'État du Karnataka et de son aile jeunesse, la Brigade verte. Le parrainage de la Fondation Amrita Bhoomi inclut des représentants d'autres mouvements de paysans indiens qui suivent de près le projet dans le but de le reproduire dans d'autres régions. Au-delà de l'Inde, diverses organisations de La Via Campesina (dans laquelle le KRRS a joué, et continue de jouer, un rôle de premier plan) suivent également le projet avec beaucoup d'intérêt, car elles veulent elles aussi réaliser des projets semblables dans leurs pays. Amrita Bhoomi est le siège de la première école d'agroécologie de La Via Campesina en Asie du Sud.";http://www.kwpa.org/index.php;;11,9136358;77,0777397
AGROECOLOGY SCHOOL;'KOREAN WOMEN''S PEASANT ASSOCIATION (KWPA)';Séoul Corée du Sud;L'École d'agroécologie de KWPA organise les femmes paysannes pour qu'elles pratiquent l'agroécologie au moyen de processus d'apprentissage et de cours. Les participantes pratiquent l'agroécologie et deviennent des agents de transformation durant leur séjour à l'école d'agroécologie et après avoir fait leurs études à l'école. L'école parraine aussi des visites d'étude et des programmes de voyage dans des pays du Sud-est asiatique pour des échanges de savoirs et de compétences des femmes paysannes, ainsi que la publication de livres pour comprendre et pratiquer l'agroécologie tant pour les paysannes que les producteurs d'aliments de la région.;https://amritabhoomi.org/;;37.5559744;126.9931086
SHASHE AGROECOLOGY SCHOOL;ZIMBABWE SMALL HOLDER ORGANIC FARMERS FORUM (ZIMSOFF);Zimbawe;L'école d'agroécologie de Shashe promeut les échanges d'expériences à travers l'apprentissage horizontal afin de diffuser les pratiques agroécologiques et d'agriculture paysanne durable. Les familles paysannes de Shashe sont membres de ZIMSOFF (Forum des petits agriculteurs biologiques du Zimbabwe), qui regroupe les familles paysannes qui pratiquent l'agriculture bio, traditionnelle et agroécologique au Zimbabwe. ZIMSOFF compte quelque 19 000 petits agriculteurs organisés en quatre grands groupes. Ces groupes sont formés de 64 organisations locales de petits agriculteurs qui cultivent des alliances dynamiques.;https://es-la.facebook.com/zimsoff/;;-20.142468;28.5786929
CENTRE INTERNATIONAL DE FORMATION À L'AGROÉCOLOGIE PAYSANNE DE NYÉLÉNI';COORDINATION NATIONALE DES ORGANISATIONS PAYSANNES (CNOP);Bamako, Malí;La Coordination Nationale des Organisations Paysannes (CNOP) du Mali a fondé le Centre international de formation en agroécologie paysanne - Nyéléni à l'occasion du Forum international pour la souveraineté alimentaire (2007). Depuis ce temps, ce centre est devenu le centre de formation en agroécologie paysanne dans tout le pays, grâce en grande partie aux animatrices et animateurs de la CNOP qui travaillent conjointement avec des promoteurs locaux dans 20 différentes communautés rurales maliennes, et en combinant la formation politique et technique avec des programmes d'alphabétisation. L'objectif du Centre est l'autonomisation des communautés rurales pour qu'elles défendent, exigent et développent la souveraineté alimentaire à travers l'agroécologie paysanne. En formant des formatrices et des formateurs, Nyéléni offre actuellement les modules suivants au CNOP et à ses promotrices et promoteurs d'agroécologie paysanne : (1) les piliers de l'agroécologie paysanne, (2) la sélection, conservation et échange de semences indigènes, (3) l'élevage et la vaccination des animaux, (4) les systèmes agrosylvopastoraux, (5) les étangs piscicoles de petite taille, (6) la récolte et la gestion de l'eau, (7) le renforcement de la matière organique du sol, (8) la transformation des cultures récoltées comme le riz, le maïs et les millets. Tout est développé de manière décentralisée, en s'adaptant aux conditions sociales et écologiques locales et l'on encourage les promotrices et promoteurs à participer à l'expérimentation et au dialogue basés dans la communauté, sur la base d'un consensus avec les fonctionnaires élu.e.s (maire), les chefs de village, les chefs de famille et les participant·e·s à la formation (apprentis). Après chaque formation, on demande aux promotrices et promoteurs d'informer sur les défis qu'ils affrontent et les besoins identifiés par chaque communauté impliquée.;http://www.cnop-mali.org/;;12.6465431;-8.0031435
ESCUELA LATINOAMERICANA DE AGROECOLOGÍA (ELAA);COORDINADORA LATINOAMERICANA DE ORGANIZACIONES DEL CAMPO (CLOC-VÍA CAMPESINA);Curtiba, Brasil;L'ELAA (École latinoaméricaine d'agroécologie) a été fondée en 2005 à la suite du Forum social mondial afin de former de nouveaux militants et militantes pour construire un nouveau projet d'agriculture paysanne, dans un contexte d'affrontement et de lutte des classes, contre l'agrobusiness et le modèle d'agriculture entrepreneurial. Cette école située à l'intérieur de l'Asentamento do Contestado, dans l'État du Parana, Brésil, est une des diverses écoles d'agroécologie de La Vía Campesina dans plusieurs pays du Cône Sud et des Caraïbes. Cette école a vu le jour pour répondre à un besoin des organisations de La Vía Campesina conjointement avec les IALA (Instituts d'agroécologie latinoaméricains) : créer un espace de formation humaine, un espace de formation politique et idéologique et de formation technique de professionnels en agroécologie, qui agissent directement dans les communautés paysannes dans le domaine de l'agriculture en aidant à renforcer les organisations à partir de ce projet basé sur les expériences dans les communautés, avec la formation continue et intégrale, laquelle est l'objectif principal de l'ELAA.;http://elaa.redelivre.org.br/;;-25.4268291;-49.2713335
INSTITUTO DE AGROECOLOGÍA LATINOAMERICANO PAULO FREIRE (IALA);CORRIENTE REVOLUCIONARIA BOLÍVAR Y ZAMORA (CRBZ);Barinas, Venezuela;"L'Institut universitaire latinoaméricain d'agroécologie ""Paulo Freire"" (IALA) a été conçu comme un environnement dans lequel l'éducation implique une responsabilité envers le public, la démocratie et la démocratisation, un espace pour favoriser le développement endogène et durable, un espace éthique et politique pour promouvoir la construction d'une citoyenneté communale latinoaméricaine, pour la formation intégrale qui inclut la science et l'humanisme sans discriminer contre les savoirs ancestraux. L'Institut est un centre d'éducation de niveau universitaire qui forme les étudiantes et étudiants latinoaméricains et caribéens provenant de la base des mouvements paysans qui, lorsqu'ils retournent dans leurs pays, région et localité d'origine, contribueront au développement endogène, intégral et agroécologique tout en renforçant les luttes contre le néolibéralisme, l'agrobusiness, la dépendance sous toutes ses formes et la déprédation environnementale. Le travail est orienté directement vers l'atteinte de la souveraineté alimentaire et l'intégration solidaire des peuples d'Amérique latine, des Caraïbes et du monde entier, dans le cadre de l'Alternative bolivarienne des peuples de notre Amérique (ALBA).";http://ialapaulofreire.blogspot.com/;;8.6306366;-70.2665551
BKS AGROECOLOGY PROCESS;BANGLADESH KISHANI SABHA (BKS);Dhaka, Bangladesh;Le processus agroécologique du BKS inclut les femmes paysannes qui pratiquent l'agriculture écologique, produisent diverses cultures sans engrais ni pesticides chimiques et utilisent les semences locales qu'elles conservent elles-mêmes. Leurs produits sont populaires en raison de leur saveur et avantages pour la santé. Ils sont vendus dans les localités proches des fermes participantes. Elles utilisent des méthodes très simples dans leur processus de production, principalement du compost de fumier de bétail et de la végétation en décomposition afin de protéger la santé du sol. Ce processus est propagé au moyen d'ateliers d'une durée de trois jours organisés par et pour les membres paysannes et paysans du BKS.;www.krishok.org;;23,8110564;90,4109487
FNN AGROECOLOGY PROCESS;FARMER AND NATURE NET (FNN);Phnom Penh, Cambodge;"Le FNN (réseau agriculteurs et nature) chapeaute les associations d'agriculteurs du Cambodge en leur fournissant des services de représentation, de formation technique et de développement des capacités. Ses principaux axes de travail sont la recherche en vulgarisation et en action de paysan·ne-à-paysan·ne (""apprendre dans l'action""). Pour s'assurer que les paysannes et paysans aient des capacités suffisantes pour s'auto-organiser dans la planification, la mise en œuvre et l'évaluation d'expériences systématiques, le FNN offre une formation en développement de l'innovation participative (DIP) ou de développement de technologies participatives (DTP). Ces méthodes de formation s'attachent à aider les paysannes et paysans à apprendre ensemble à planifier, expérimenter, observer, réfléchir et promouvoir leurs propres expériences et à les partager. Cette formation vise aussi à favoriser le respect mutuel et la confiance en soi des participantes et participants afin d'assurer le meilleur résultat possible de leurs expériences.";https://viacampesina.org/en/farmer-and-nature-network-fnn/;;11.5603401;104.9313691
PARAGOS SCHOOL OF AGROECOLOGY;PAGKAKAISA PARA SA TUNAY NA REPORMANG AGRARYO AT KAUNLARANG PANGKANAYUNAN (PARAGOS);Manila, Philippines;Pour augmenter le nombre de personnes et d'endroits touchés par l'agroécologie, PARAGOS s'est associé au ministère de la Réforme agraire et a réalisé des activités de formation dans différentes provinces dirigées aux femmes paysannes et aux petits agriculteurs, afin de partager avec eux les connaissances et les nouvelles techniques de culture qui les permettent d'augmenter leurs revenus agricoles et en même temps de cesser d'utiliser les engrais chimiques. La promotion de l'échange d'idées et de pratiques agroécologiques entre paysans et la répétition de la formation dans d'autres communautés agricoles a généré une meilleure appréciation de l'agroécologie, notamment de l'agriculture écologique.;https://viacampesina.org/en/pagkakaisa-para-tunay-na-repormang-agraryo-at-kaunlarang-pangkanayunan-paragos/;;14.5855641;120.9789875
FOREST AGROECOLOGY PROCESS OF THE KOK EDOI COMMUNITY;ASSEMBLY OF THE POOR (AOP);Bangkok, Thailande;La communauté de Kok Edoi est une des diverses expériences d'AoP (Assemblée des pauvres) à la base dans la récolte durable de produits alimentaires forestiers, la propagation d'espèces de plantes alimentaires forestières, la conservation de semences indigènes et la biodiversité des plantes alimentaires forestières, combinée à l'agriculture agroécologique d'aliments non forestiers. De plus, cette communauté mène actuellement un important travail pour développer son propre marché en bordure de la route pour vendre des aliments forestiers aux résidents des hameaux et des centres urbains environnants. Le processus agroécologique forestier de Kok Edoi est un processus de formation territoriale de paysan-à-paysan.;https://viacampesina.org/en/assembly-of-the-poor-aop/;;13,7567653;100,5017919
INTEGRATED FARMING GROUP OF NA TAE KUEM YAI;ASSEMBLY OF THE POOR (AOP);Thailande;Le Centre communautaire d'apprentissage de l'agriculture intégrée de l'AoP (Assemblée des pauvres) produit divers manuels de formation pour promouvoir et défendre l'agroécologie paysanne, notamment de la documentation sur la santé et la protection des sols, la production d'engrais biologiques et la gestion intégrée des agroécosystèmes.;https://viacampesina.org/en/assembly-of-the-poor-aop/;;13.0451489;101.3513646
MOKATIL AGROECOLOGY PROCESS;MOVIMENTU KAMPONEZES TIMOR LESTE (MOKATIL);Díli, Timor Leste;Le MOKATIL (mouvement paysan du Timor-Leste) organise des cours de formation courts, informels et communautaires sur les principes de l'agroécologie et de la permaculture. Ces formations mettent en valeur l'utilisation des ressources naturelles sur les fermes dont disposent les paysannes et paysans, la minimisation de la perturbation des ressources naturelles au moyen de la planification de systèmes de production permanents qui appliquent la rotation des cultures et les polycultures et réduisent les dommages causés à l'écosystème. De plus, les paysans et paysannes apprennent à produire des engrais naturels à base de compost et à préparer le sol de manière intégrale en fonction de la topographie du terrain et de la santé de l'agroécosystème. Le MOKATIL utilise des parcelles de démonstration des agroécosystèmes intégrés afin d'impliquer une importante partie de ses membres dans son processus agroécologique territorial.;https://viacampesina.org/en/movimentu-kamponezes-timor-leste-mokatil/;;-8.549766;125.568025
PUSDIKLAT PEASANT TRAINING CENTER;SERIKAT PETANI INDONESIA (SPI);Indonésie;Le SPI a établi son propre plan d'études pour éduquer et former ses membres. Le plan d'études comprend trois thèmes principaux : l'agriculture durable, la viabilité économique et les questions organisationnelles. PUSDIKLAT offre des cours sur ces thèmes en classe alors que la démonstration des pratiques agroécologiques se fait sur le terrain. Chaque session à l'extérieur se déroule sur la terre de paysans et paysannes membres. Pour la démonstration de nouvelles pratiques agroécologiques, le paysan ou la paysanne réserve habituellement une petite section de sa terre (environ 300 m2) afin de ne pas perturber la production principale. Après la démonstration des pratiques agroécologiques, les participants et participantes discutent des avantages et des désavantages de ces pratiques et la majorité décide de choisir l'agroécologie comme principe de culture. Les provinces d'Aceh, de Java central, de Yogya Karta et autres d'Indonésie pratiquent maintenant l'agriculture agroécologique avec des engrais biologiques, la permaculture, la conservation de l'eau, les banques de semences, les coopératives, les échanges paysan-à-paysan et l'élevage, lesquels font tous partie du modèle agroécologique.;http://www.spi.or.id/;;-6.1766048;106.8195787
VNFU AGROECOLOGY PROCESS;VIETNAM NATIONAL FARMERS UNION (VNFU);Ho Chi Minh, Vietnam;La VNFU développe des modèles d'agroécologie à la campagne qui vont de pair avec les efforts de nombreuses coopératives rurales vietnamiennes. Elle réalise des activités de formation pour promouvoir les connaissances locales des peuples autochtones, en créant des liens et des réseaux plus larges de paysannes et paysans et d'autres organisations qui travaillent avec des femmes et des jeunes. La formation, les échanges d'expériences et le travail sur le terrain font partie des stratégies de formation. La VNFU organise des forums de paysan-à-paysan et collabore avec les médias de communication pour promouvoir les idées agroécologiques. La formation est directe et indirecte. Dans le premier cas, les paysannes et paysans se forment directement dans les classes ou les champs. Dans le deuxième cas, il s'agit de la formation de formateurs et formatrices, qui à leur tour, forment d'autres paysannes et paysans.;http://vietnamfarmerunion.vn/SitePages/TrangChu.aspx;;10.8229056;106.6250643
CNOP-CONGO AGROECOLOGY PROCESS;CONCERTATION NATIONALE DES ORGANISATIONS PAYSANNES ET DES PRODUCTEURS AGRICOLES DU CONGO (CNOP-CONGO);Ibéa,  République démocratique du Congo;Formation sur la fertilité du sol, la production d'amendements biologiques pour le sol et utilisation de variétés de plantes indigènes.;https://viacampesina.org/en/concertation-nationale-organisations-paysannes-producteurs-agricoles-congo-cnop-congo/;;-0,6164478;15,7466786
ECASARDÂ´S TRAINNING SCHOOL;ECUMENICAL ASSOCIATION FOR SUSTAINABLE AGRICULTURE AND RURAL DEVELOPMENT (ECASARD);Accra, Ghana;Formations territoriales sur l'agroécologie de paysan-à-paysan, la souveraineté alimentaire et la mobilisation des masses pour des politiques publiques favorables aux paysannes et paysans.;www.ecasardghana.org;;7,8984806;-3,2743702
THE MOZAMBIQUE PEASANT SCHOOL;UNIÃO NACIONAL DE CAMPONESES (UNAC);Maputo, Mozambique;Les 6,5 hectares de l'école sont divisés en quatre parcelles [(i) ferme et jardin, (ii) forêt, (iii) installations, (iv) aires de loisirs] et en appliquant sa propre méthodologie de paysan·ne à paysan·ne et son manuel de formation, l'UNAC a facilité des échanges sur son site : principalement la rotation des cultures, les polycultures, l'agrosylviculture et l'intégration d'animaux à des systèmes de semences paysannes, contrôle communautaire de la prise de décisions et lutte contre l'accaparement des terres. Plus de 1 200 promoteurs et promotrices de l'agroécologie ont suivi ces formations, avec un cycle ouvert et continu d'apprentissage qui encourage les promoteurs et promotrices à étendre l'agroécologie dans leurs provinces, à généraliser l'expérience et à retourner à l'école pour poursuivre le dialogue avec les autres.;http://www.unac.org.mz/index.php/unac/objectivos-da-unac;;-25.9704771;32.5811714
WINDITAN AGROECOLOGY TRAINING CENTER;PLATEFORME PAYSANNE DU NIGER (PFPN);Niamey, Niger;Avec 15 hectares de terres cultivables, des salles de réunion pouvant accueillir jusqu'à 150 participants, une cafétéria et des dortoirs, le Centre est une des écoles de formation formelle les plus importantes d'Afrique. Sa priorité : former les femmes, les jeunes et d'autres pour qu'ils multiplient les expériences d'agroécologie paysanne afin de contribuer à la souveraineté alimentaire dans tout le pays. Les contenus de la formation incluent les fondements de l'écologie, la biologie et la reproduction endogène des animaux et des plantes, les systèmes de culture intercalaire et agrosylvopastoraux, les techniques de pêche et la gestion des étangs, la récolte d'eau et l'irrigation au goutte-à-goutte, le traitement et la commercialisation des aliments, ainsi que les techniques d'animation de l'éducation populaire. À ce jour, le Centre a formé environ 3 000 participant·e·s, dont beaucoup sont devenu·e·s des promoteurs et promotrices actives de l'agroécologie paysanne dans les zones rurales du Niger.;https://viacampesina.org/en/plateforme-paysanne-niger-pfpn/;;13,5127664;2,0840132
TANZANIAN PEASANT LEADERSHIP TRAININGS;MTANDAO WA VIKUNDI VYA WAKULIMA TANZANIA (MVIWATA);Tanzanie;"Le Réseau national des groupes d'agriculteurs de la Tanzanie (MVIWATA) donne des ""formations en leadership"" qui comprennent du contenu sur les semences paysannes, la rotation des cultures et les pratiques de protection du sol. Les participantes et participants à ces formations défendent les intérêts économiques, sociaux, culturels et politiques des paysans et paysannes de la Tanzanie dans les divers efforts de défense de l'organisation.";https://viacampesina.org/en/mtandao-wa-vikundi-vya-wakulima-tanzania-mviwata/;;-6.1751325;35.7451952
COPACO-PRP CAPACITY TRAINING PROCESS;CONFÉDÉRATION PAYSANNE DU CONGO (COPACO-PRP);Shopo, République démocratique du Congo;"Les efforts d'éducation et de formation de la Confédération paysanne du Congo (COPACO-PRP) sont centrés sur le développement de la capacité des membres - ensemble avec des avocats et des défenseurs alliés - pour défendre les droits des paysannes et paysans dans un contexte de changements climatiques, de politiques de ""réserves"" environnementales excluantes du gouvernement national, et de déplacements forcés causés par des conflits régionaux. Le droit à la souveraineté alimentaire, ainsi que le contrôle territorial de la terre, de l'eau et des autres ressources naturelles sont un axe de ces formations.";https://viacampesina.org/en/confederation-paysanne-congo-copacoprp/;;-3,2834215;23,6666088
'THE ''ACTIVIST SCHOOLS'' OF SOUTH AFRICA';'LANDLESS PEOPLES'' MOVEMENT (LPM) AND AGRARIAN REFORM FOR FOOD SOVEREIGNTY CAMPAIGN (FSC)';Pretoria, Afrique du sud;"Les ""écoles de militantes et militants"" du LPM-FSC (Mouvement des paysan·ne·s sans terre-campagne Réforme agraire pour la souveraineté alimentaire) ont comme objectif de développer des dirigeantes et dirigeants pour promouvoir la souveraineté alimentaire en tant qu'élément d'une Afrique du Sud inclusive dans la période de l'après-apartheid. Ces écoles utilisent des textes rédigés par eux-mêmes pour l'éducation populaire, l'occupation de terres et la promotion de l'agroécologie paysanne, y compris ""Avancer dans la souveraineté alimentaire en conservant les semences- guide des militants"" et ""La Loi sur la souveraineté alimentaire des peuples"".";https://viacampesina.org/en/landless-peoples-movement-lpm/;;-25,7452733;28,2271213
THE YOUTH AGROECOLOGY PROCESS OF CNCR-SENEGAL;CONSEIL NATIONAL DE CONCERTATION ET DE COOPERATION DES RURAUX (CNCR);Dakar, Sénégal;Le Conseil national de concertation et de coopération des ruraux (CNCR) du Sénégal utilise ses propres manuels de formation agroécologique et ses déclarations de position organisationnelle dans ses formations pour les jeunes provenant de partout au pays. En collaboration avec des alliés de la Fédération nationale pour l'agriculture biologique (FENAB), il encourage les jeunes du CNCR à devenir des promotrices et promoteurs agroécologiques paysans (animateurs et animatrices) qui mobilisent les communautés rurales pour la production, la distribution et la consommation locale des aliments.;http://www.cncr.org/;;14,476273;-15,6380874
"CENTRO INTEGRAL ""NICETO PÉREZ GARCÍA""";ASOCIACIÓN NACIONAL DE AGRICULTORES PEQUEÑOS (ANAP);Guira de Melena, Cuba;Espace de formation pour la massification de l'agriculture paysanne agroécologique avec une emphase sur la formation territoriale et la méthode de paysan à paysan. Siège de multiples événements et de foires internationales en faveur de la souveraineté alimentaire basée sur l'agriculture paysanne agroécologique.;http://www.revista.anap.cu/;;22,7952146;-82,5146453
UNIVERSIDAD CAMPESINA - SISTEMAS UNIVERSITARIOS RURALES INDOCAMPESINOS (UNICAM â€“ SURI);MOVIMIENTO NACIONAL CAMPESINO INDÍGENA (MNCI);Santiago del Estero, Argentine;L'UNICAM SURI (Université paysanne - Systèmes ruraux autochtones et paysans), situé à Santiago del Estero - Argentine, est née à l'intérieur des terres pour satisfaire le besoin qu'avaient les camarades du mouvement d'un lieu pour se rencontrer et construire des outils d'analyse et pour transformer la réalité dans les territoires et les communautés. Un espace où les paysannes et paysans, les autochtones, les travailleurs et travailleuses urbains et ruraux exerceraient leur droit à une formation qui les permette non seulement de récupérer et de revendiquer notre propre culture, mais aussi de travailler pour éduquer dans une autre perspective afin que les travailleuses et travailleurs ne soient plus marginalisés, en tant que récepteurs d'une culture étrangère, et qu'ils deviennent des sujets actifs de la construction collective d'une nouvelle éducation et d'un nouveau monde. L'UNICAM SURI est dotée d'un espace de production animale et d'un espace de production végétale, lesquels servent à l'autosubsistance et aux échanges avec les communautés paysannes environnantes. Il comprend aussi un espace enfants consacré aux soins et au processus pédagogique des enfants, une radio communautaire, FM Suri Manta - 89,9, un espace cuisine et un espace de construction consacré a la réalisation d'ouvrages comme les réservoirs, les classes et les dortoirs.;http://www.mocase.org.ar/secciones/universidad-campesina;;-29,5202983;-63,7470917
ESCUELA NACIONAL AGROECOLÓGICO;MOVIMIENTO NACIONAL CAMPESINO INDÍGENA (MNCI);Santiago del Estero, Argentine;Cours de formation territoriale sur l'agroécologie et l'économie sociale populaire.;https://www.facebook.com/MNCI.CLOC.VC/;;-27.7933208;-64.2773999
ESCUELA CAMPESINA DE AGROECOLOGÍA;UNIÓN DE TRABAJADORES RURALES SIN TIERRA (UST);Mendoza, Argentine;L'école paysanne d'agroécologie (ECA) est un espace éducatif géré par l'Union des travailleurs ruraux sans terre (UST), où l'on enseigne et apprend à apprécier et à cultiver la vie paysanne, la production d'aliments sains, la vie en harmonie avec la nature et l'importance du territoire local. L'UST, en tant que membre du MNCI (Mouvement national paysan autochtone) et de la CLOC-VC (Coordination latinoaméricaine d'organisations paysannes), est profondément convaincue que l'agroécologie est l'expression appropriée pour produire des aliments pour les peuples de manière durable.;https://mnci.org.ar/;;-32.8894072;-68.8664252
ESCUELA NACIONAL FLORESTAN FERNANDES (ENFF);MOVIMENTO DOS TRABALHADORES RURAIS SEM TERRA (MST);Brésil;L'École nationale Florestan Fernandes a été fondée par le MST en tant qu'école pour éduquer et former ses membres tant jeunes qu'adultes de la classe travailleuse de partout sur la planète. Coordonnée par le Mouvement des travailleurs ruraux sans terre (MST), l'école est sans cesse en construction physique, politique et pédagogique. Au cours des années, elle est devenue un point de référence international, avec des enseignants et des étudiants de nombreux pays, notamment d'Amérique latine. Cela permet des échanges culturels entre les mouvements de différents pays pour discuter, apprendre et former des initiatives conjointes sur le contexte politique auquel est confrontée la classe ouvrière. Selon les données de l'école, quelque 24 000 personnes y ont assisté à des cours, des séminaires et des conférences. L'école entretient également des alliances avec 35 universités avec lesquelles elle offre des programmes d'études supérieures et des cours spécialisés.;https://www.facebook.com/ENFFOficial/;;-22.9054629;-47.1004961
INSTITUTO EDUCAR;MOVIMENTO DOS TRABALHADORES RURAIS SEM TERRA (MST);Brésil;En 2010, Le MST a mis sur pied une école secondaire d'adultes. Aujourd'hui, l'ECA est basé à Jocolí de Lavalle et compte 60 étudiantes et étudiants de différentes zones rurales de la province, âgés de 15 à 35 ans approximativement. L'école lutte aussi pour l'éducation supérieure en milieu rural. Dans ce sens, le programme de techniques en économie sociale et populaire d'une durée de trois (3) ans a commencé en 2016 (avec une cohorte de 30 étudiants en 2019) et le programme d'enseignement primaire pour les enseignantes et enseignants du milieu rural et pour le milieu rural d'une durée de quatre (4) ans (avec une cohorte de 79 étudiants en 2019). De plus, l'ECA est un espace de formation politique qui organise des séminaires thématiques.;http://www.mst.org.br/;;-28,0469583;-52,687481
ESCOLA MILTON SANTOS DE AGROECOLOGÍA (EMS);ASSOCIAÇÃO DE TRABALHADORES NA EDUCAÇÃO E PRODUÇÃO EM AGROECOLOGIA MILTON SANTOS (ATEMIS);Brésil;L'école Milton Santos (EMS) est un centre d'éducation en agroécologie et développement durable des mouvements sociaux ruraux populaires fondé le 10 juin 2002. Son objectif général est de s'établir en tant que Centre d'éducation rural pour élever le niveau de développement politique et culturel et promouvoir l'éducation et la formation des jeunes et des adultes du milieu rural. Elle vise à participer à la construction d'un projet humanisant du peuple qui permette la formation de sujets sociaux qui construisent leur propre développement du milieu rural et du pays, engagés en faveur de la souveraineté nationale, la réforme agraire et d'autres formes de déconcentration des revenus et de la propriété, à travers la solidarité, la démocratie populaire et le respect de l'environnement.;http://atemisems.wixsite.com/escolamiltonsantosvc;;-23,4362809;-51,9850929
PROCESOS AGROECOLOGICOS DO MOVIMENTO DE MULHERES CAMPONESAS (MMC);MOVIMENTO DE MULHERES CAMPONESAS (MMC);Brasilia - Distrito Federal, Brésil;La lutte pour exercer le droit à l'éducation publique a été et continue d'être un élément fondamental dans la transformation d'une société. C'est pourquoi l'organisation a créé un espace et la proposition pédagogique qu'a l'ECA aujourd'hui. Cette proposition provient des communautés paysannes-autochtones mêmes, à partir de leurs expériences et vies quotidiennes concrètes.;http://www.mmcbrasil.com.br/site/;;-15,7750837;-48,0772747
ESCUELA TOKI PELANTARO;ASAMBLEA MAPUCHE DE IZQUIERDA;Región de la Araucanía, Chili;Cours horizontaux de formation en leadership.;https://viacampesina.org/es/asamblea-nacional-mapuches-de-izquierda/;;-38.633464;-71.6567372
ESCUELA CAMPESINA AGROECOLÓGICA ORLANDO TRIANA MONCADA;ASOCIACIÓN CAMPESINA DEL VALLE DEL RÍO CIMITARRA (ACVC);Colombie;Formations paysan·ne à paysan·ne, développement collectif de systèmes de production et assemblées populaires sur l'agroécologie paysanne.;https://reservacampesinariocimitarra.org/;;4.7073998;-74.0867497
"ESCUELA NACIONAL DE FORMACIÓN ""OLIGARCAS TEMBLAD""";CORRIENTE REVOLUCIONARIA BOLIVAR Y ZAMORA (CRBZ);Venezuela;Éducation populaire pour le leadership des paysannes et paysans avec des cours sur l'histoire du Venezuela, lutte pour la souveraineté alimentaire, l'agroécologie et la réforme agraire, le gouvernement communal, le pouvoir populaire, l'économie politique, la praxis de Simon Bolivar et de Charles Marx, etc.;http://www.crbz.org/;;10.4711879;-66.8976915
INSTITUTO DE AGROECOLOGIA LATINO AMERICANO AMAZÓNICO â€“ IALA AMAZÓNICO;CLOC VIA CAMPESINA;Brésil;L'IALA Amazónico vise à articuler la population rurale en tant que sujets qui vivent des processus de lutte et de résistance dans la région panamazonienne. Il cherche à articuler des universités, des chercheurs et chercheuses, les mouvements sociaux, des paysans et paysannes pour compléter des processus de formation, de scolarisation et d'échange d'expériences agricoles en mettant l'accent sur les principes de l'agroécologie et la production de nouvelles connaissances au moyen d'un processus de reformulation des programmes d'études et des méthodologies d'enseignement, en accordant la priorité au dialogue sur la diversité des expériences et des matières et, fondamentalement, en tenant compte de la réalité en tant qu'espace de recherche pour la transformation.;http://ialaamazonico.blogspot.com/;;-5.9609752;-50.2387058
INSTITUTO AGROECOLÓGICO LATINOAMERICANO MESOAMÉRICA - IALA IXIM ULEW;CLOC VIA CAMPESINA;Nicaragua;"L'IALA Mesoamérica est composé d'un système d'écoles de formation au Nicaragua qui historiquement a contribué à la formation technique et politique d'organisations du secteur agraire qui organisent autant les travailleuses et travailleurs agricoles que les paysannes et paysans. Ces écoles de formation utilisent la méthodologie de l'éducation populaire, en mettant au premier plan du processus éducatif les expériences et la sagesse de chaque étudiant et des communautés d'où ils et elles proviennent à travers le ""dialogue des savoirs"". S'il est vrai que l'apprentissage de la production agroécologique constitue une partie importante d'IALA Mesoamérica, l'acquisition d'une solide éducation politique l'est également. Celle-ci inclut la compréhension des histoires et des structures du capitalisme, du colonialisme, de l'impérialisme et du patriarcat. Le corridor agroécologique constitue une stratégie appliquée à l'IALA Mesoamérica qui est centrée sur l'utilisation de la méthode éprouvée paysan-à-paysan pour partager et diffuser rapidement les connaissances agroécologiques dans les territoires entre les écoles.";https://www.facebook.com/ialamesoamerica;;12.1240551;-86.2675999
INSTITUTO AGROECOLÓGICO LATINOAMERICANO MARÍA CANO - IALA MARÍA CANO;CLOC VIA CAMPESINA;Colombie;L'IALA María Cano vise à former les jeunes paysans et paysannes, autochtones et d'ascendance africaine de la CLOC-Colombie en tant que technicien·ne·s supérieur·e·s en agroécologie. Ces professionnel·e·s auront une nouvelle éthique qui contribuera au renforcement organisationnel de leurs communautés d'origine ainsi qu'au renforcement et à la promotion des processus productifs agricoles basés sur l'agroécologie. L'Institut sert d'épicentre des échanges de savoirs sur la méthodologie paysanne des processus agroécologiques avec les communautés environnantes du centre de formation et avec les organisations membres de la CLOC Vía Campesina.;https://www.facebook.com/IALAMARIACANO/;;4.6545324;-74.0919954
INSTITUTO DE AGROECOLOGÍA DE LAS MUJERES DEL CAMPO - IALA DE LAS MUJERES;CLOC VIA CAMPESINA;Chili;"Sous la devise ""Semeuses d'espoir"", l'IALA des femmes fait un appel à toutes les personnes impliquées dans l'éducation populaire et l'agroécologie à réunir les plus grands efforts pour faire avancer cet institut en tant qu'espace d'éducation technique et politique qui valide nos pratiques agricoles paysannes, nos savoirs et les luttes de la paysannerie, en suscitant l'espoir et l'action en faveur de la souveraineté alimentaire et la défense de la Terre Mère. L'IALA des femmes intègre une vision sociopolitique dans le cadre de la souveraineté alimentaire et le féminisme paysan et populaire afin qu'à moyen et long terme, elle puisse avoir un effet porteur et influer sur les systèmes de production agricole, y compris la fonction sociale de la terre, en garantissant une alimentation de la plus haute qualité, une agriculture diversifiée qui lutte contre les changements climatiques, et en tissant en même temps un tissu social paysan engagé avec une plus grande participation des jeunes et l'équité des genres.";http://www.anamuri.cl/;;-34.1687445;-70.7294457
INSTITUTO AGROECOLÓGICO LATINOAMERICANO - IALA GUARANÁ;CLOC VIA CAMPESINA;Asunción, Paraguay;En tant qu'entité scientifique, humaniste et démocratique, l'IALA Guaraní se consacre à l'étude, à la recherche et à la diffusion des savoirs et de la culture paysanne afin de comprendre notre réalité pour que la transformation sociale et économique profite aux secteurs majoritaires du pays et de la région. L'Institut fait la promotion des principes de la souveraineté alimentaire, la conservation et la multiplication des semences indigènes, la valorisation de l'agriculture paysanne et se consacre à la recherche de nouvelles techniques agricoles respectueuses de l'environnement et favorables à la qualité des aliments, le tout dans le cadre de l'intégration latinoaméricaine, l'internationalisme et l'autodétermination de tous les peuples.;https://ialaguarani.wordpress.com/;;-24,4704892;-55,7007694
PROVISION;COORDINATION EUROPÉENNE VIA CAMPESINA (ECVC);Roumanie;Provision est une ferme familiale traditionnelle située dans un petit village de la Transylvanie. C'est également un centre d'apprentissage de l'agriculture agroécologique et de croissance personnelle. Elle défend un modèle de vie simple, lutte pour la souveraineté alimentaire ainsi que les principes de l'agroécologie paysanne, la permaculture et la non-violence. Elle cherche à développer des cultures de transition.;http://www.provisiontransylvania.com;;45.6402942;23.1567134
NORDBRUK;COORDINATION EUROPÉENNE VIA CAMPESINA (ECVC);la Norvège;NordBruk est une petite organisation de producteurs en Suède. Elle lutte pour la souveraineté alimentaire, une gestion durable des ressources naturelles et le respect des droits humains. La formation est habilitée par une école homologuée, ce qui permet aux étudiantes et étudiants d'obtenir un certificat officiel dont le niveau est inférieur au niveau universitaire. Cette formation est ouverte à toutes et à tous et est financée par l'État. Elle consiste à remettre en question les structures existantes. Elle comprend des sessions théoriques et pratiques (échanges, discussions) et s'adresse aux paysans et paysannes.;http://www.karlskogafolkhogskola.se;;59.9146699;10.7355971
AIAB - FIRAB;COORDINATION EUROPÉENNE VIA CAMPESINA (ECVC);Nápoles, Italie;"Le FIRAB favorise la recherche appliquée en agriculture à faibles intrants à l'aide d'une approche participative et aussi à travers les échanges entre agriculteurs et agricultrices et se consacre à la diffusion technique et scientifique. Le FIRAB a notamment des compétences dans le domaine de la recherche agronomique et économique sur l'agriculture biologique et durable. L'enseignement est autant formel qu'expérientiel : cours ""classiques"" en classe avec exercices sur la ferme. Les programmes peuvent avoir des durées variables et des cours détaillés : de visites de ferme d'un jour jusqu'à des cours d'une semaine.";http://www.firab.it/site/;;40.8724451;14.2480997
SCHOLA CAMPESINA;COORDINATION EUROPÉENNE VIA CAMPESINA (ECVC);Rome, Italie;"Schola Campesina est une initiative internationale de formation qui s'adresse aux organisations paysannes sur la gouvernance mondiale des aliments qui encourage l'expérience et l'échange de connaissances. Le projet vise à réunir des membres d'organisations paysannes de toute la planète pour partager des expériences et discuter de sujets liés à la gouvernance alimentaire et agricole mondiale, les savoirs paysans, l'autonomie paysanne, les pratiques agroécologiques, les luttes paysannes mondiales, la politique alimentaire, l'émancipation des femmes, etc. Au moyen de dialogues horizontaux, d'éducateurs-apprentis et ""d'échanges de connaissances"" entre agriculteurs, agricultrices, scientifiques, militants et militantes, la formation a pour but de développer les connaissances des participantes et participants et de procurer des outils pour la capitalisation et l'échange de connaissances. L'objectif est de générer des avantages pour la vie et les activités des paysannes et paysans afin de renforcer les mouvements paysans partout sur la planète et d'obtenir une meilleure souveraineté alimentaire pour tous et toutes.";http://www.scholacampesina.org/;;41.9083628;12.4834146
FARM EXPERIENCE INTERNSHIP;COORDINATION EUROPÉENNE VIA CAMPESINA (ECVC);Belgique;Le FEI (stage d'expériences à la ferme) est un mouvement en pleine expansion créé conjointement par des paysan·ne·s, des agriculteur·trice·s, des horticulteur·trice·s, des scientifiques, des étudiant·e·s, des militant·e·s, des ONG et des organisations agroécologiques travaillant ensemble pour développer un système alimentaire durable, sain, viable, qui serait équitable pour la planète, les consommateur·trice·s et les producteur·trice·s. Chaque année, depuis 2013, y est coorganisé un cours d'été international de 3 ECTS à l'université de Wageningen (Pays-Bas). Ce cours a comme objectif de réunir les connaissances théoriques des étudiant·e·s et les connaissances pratiques des agriculteur.trice.s. La formation ne suit pas le modèle classique des cours universitaires parce qu'elle ne se donne pas à l'aide de cours magistraux. De plus, elle n'est pas donnée uniquement par des universitaires. Elle est cocréée par de nombreux·euse·s acteur·trice·s aux horizons divers, ce qui permet de présenter des visions et des réalités très diverses. L'initiative FEI a aussi germé au Brésil, où elle s'appelle EIV et est liée au MST.;https://farmexperienceinternship.wordpress.com/;;50.8885816;4.3612625
'L''ATELIER PAYSAN';COORDINATION EUROPÉENNE VIA CAMPESINA (ECVC);France;L'Atelier Paysan travaille sur la souveraineté alimentaire et les technologies des paysans et paysannes à l'aide d'une plateforme de ressources en source ouverte portant sur les outils de production des fermes. Les paysannes et paysans trouvent à l'Atelier Paysan la possibilité de développer en collectif les outils et les bâtiments adaptés à leurs pratiques agroécologiques, avec une forte maîtrise de la conception et de la construction. L’atelier contribuons à l'autonomie des paysans et paysannes pour qu'ils et elles réapproprient les savoirs et l'expérience des outils de travail. Concrètement, l'Atelier Paysan accompagne les agriculteurs dans la conception et la fabrication de machines et de bâtiments, en libre-service (documentation sans brevets disponible gratuitement dans le site Internet). De plus, il organise des sessions de formation à l'autoconstruction, grâce auxquelles les agriculteurs et agricultrices s'initient au travail du métal et fabriquent leurs outils.;https://www.latelierpaysan.org/;;45.7978006;4.9475987
LA DURETTE - GRAB;COORDINATION EUROPÉENNE VIA CAMPESINA (ECVC);France;La ferme Durette est une initiative unique en France. C'est une ferme-pilote de 5 hectares en agrosylviculture située dans une zone périurbaine (Avignon). C'est un mécanisme de recherche de taille réelle où les agriculteurs et agricultrices mènent leur activité économique. La recherche dirigée par le GRAB et ses associés (INRA, Chambre de l'agriculture) est centrée sur l'évaluation des rendements agronomiques, écologiques et économiques d'un système diversifié, basé sur la biodiversité (domestique/non cultivée) pour assurer une forte résilience et l'élimination progressive de l'utilisation des intrants.;http://www.grab.fr/;;43.1757608;2.9944903
EHNE BIZKAIA;COORDINATION EUROPÉENNE VIA CAMPESINA (ECVC);Espagne;EHNE-Bizkaia (Euskal Herriko Nekazarien Elkartasuna) est un syndicat agraire, une organisation professionnelle agraire, née et légalisée en 1976 et 1977. Après de nombreuses années de trajectoire, tant en termes de revendications que de propositions, aujourd'hui, il a comme objectif principal d'impulser la souveraineté alimentaire dans l'ensemble d'Euskal Herria, un principe clé en ce qu'il implique une capacité à décider, mais en même temps il est aussi lié à ce que veut une société bien informée, soit une production agroécologique de proximité qui garantit la salubrité, la qualité alimentaire et respect l'environnement et le climat, en plus d'assurer des emplois et une vitalité au milieu rural.;http://www.ehnebizkaia.eus/formacion/;;43.3087649;-2.6990198
SCOTTISH CROFTING FEDERATION;COORDINATION EUROPÉENNE VIA CAMPESINA (ECVC);Ecosse;"La Fédération Scottish Crofting est une organisation qui se consacre exclusivement à la défense des petits producteurs pour leur assurer des perspectives d'avenir. C'est la plus grande association de petits producteurs d'aliments du Royaume-Uni. Sa mission, c'est de protéger et promouvoir leurs moyens de subsistance ainsi que leur culture et leurs communautés. L'initiative ""Renforcer les compétences des petits paysans et petites paysannes"" est une formation organisée selon la demande. Au moyen d'un apprentissage progressif, la formation a comme objectif de former les petits producteurs. Des cours pratiques d'un jour sont également offerts pour approfondir des compétences particulières en agriculture primaire.";https://www.crofting.org/home;;55.8639612;-4.2644646
TORTH Y TIR;COORDINATION EUROPÉENNE VIA CAMPESINA (ECVC);Cómo se pronuncia l'Angleterre;"Torth y Tir signifie ""pain de la terre"" en gallois et c’est une boulangerie paysanne appuyée par la communauté. Y sont exercés la culture, le moulage et la cuison du pain et de la pizza au levain à la main dans un four à bois. L’entreprise appartient à la communauté et celle-ci la gère. Les participant·e·s partagent ce qu’elles et ils y apprennent par le biais de programmes éducatifs. Pour en savoir plus sur ces activités, explorez le site de la boulangerie.";https://torthytir.co.uk/;;51.0767873;-4.0724983
SINDICATO LABREGO GALEGO;COORDINATION EUROPÉENNE VIA CAMPESINA (ECVC);Santiago de Compostela, Espagne;Le Sindicato Labrego Galego (syndicat ouvrier gallois) est un projet vivant de promotion de l'agriculture durable en Galice et dans un monde uni. C'est une démarche territoriale qui offre des formations paysan·ne-à-paysan·ne et des cours de courte durée. Le syndicat s’efforce d'appliquer une méthodologie participative. De plus, il essaie toujours d'organiser des visites terrain afin de renforcer un projet donné ou pour échanger des connaissances. Selon le sujet abordé, les responsables cherchent du mieux qu’ils peuvent d'organiser des stages sur la ferme pour les étudiantes et étudiants.;http://www.sindicatolabrego.com/;;42.8799862;-8.5457293
LE CENTRE PAYSAN;UNION PAYSANNE;Canada;Le Centre paysan est une coopérative de solidarité qui fait partie du réseau international des écoles d'agroécologie de La Via Campesina. Son modèle : l'agriculture agroécologique. En tant que coopérative de solidarité, le Centre paysan vise à regrouper tous les personnes et organismes qui reconnaissent l'importance de sauvegarder et de partager les méthodes paysannes traditionnelles qui autrement tomberaient dans l'oubli. En organisant des formations à travers le Québec et en publiant des documents, le Centre Paysan valorise le processus d’innovation et d’adaptation des savoirs ancestraux aux différents contextes agronomiques, climatiques, culturels et sociaux. Au cœur de la vision agroécologique du Centre paysan se trouve un engagement envers la santé des sols, la diversité culturale et culturelle, ainsi que la souveraineté et la justice alimentaires.';https://www.centrepaysan.ca/;;45.4994703;-73.6052267
CAMPESINO-TO-CAMPESINO AGROECOLOGY PROCESS;LVC AMÉRIQUE DU NORD;Florida, USA;En février 2015, des membres de LVC Amérique du Nord se sont réunis dans les jardins communautaires paysans de Fellsmere et de Florida City, en Floride, aux USA, pour la première rencontre d'agroécologie paysan-à-paysan de la région nord-américaine de La Via Campesina. Cette rencontre, organisée conjointement par deux organisations membres de La Via Campesina Amérique du Nord, le FWAF (Association des travailleurs agricoles de la Floride) et la Rural Coalition, a permis un dialogue de savoir et des apprentissages collaboratifs qui ont inclus le partage de sagesses traditionnelles, le respect de la Terre Mère, et ont suscité des contributions vitales de femmes et de jeunes. Cette rencontre a renforcé les engagements et les convictions à l'égard de l'agroécologie en tant que processus transformateur et fondement pour la construction de la souveraineté alimentaire et la guérison et protection de la Terre Mère. Elle a aussi renforcé la confiance dans le travail collectif en tant qu'élément essentiel de la lutte pour la justice sociale, économique, écologique et environnementale.;https://viacampesina.org/en/who-are-we/regions/north-america/;;26.1234614;-80.6842913
CAMPAMENTO AGROECOLÓGICO;ORGANIZACIÓN BORICUÁ DE AGRICULTURA ECO-ORGANICA (BORICUÁ);Aibonito, Puerto Rico;Du 11 au 13 novembre 2017, l'Organización Boricuá, membre de La Via Campesina a tenu un camp agroécologique de formation politique à la ferme Siembra Tres Vidas dans la municipalité montagneuse d'Aibonito, située à une heure au sud de San Juan, Puerto Rico. Le camp a réuni quelque 25 participant·e·s, notamment des membres de l'Organización Boricuá, d'autres militantes et militants impliqués dans des projets d'agroécologie un peu partout sur l'île et des militant·e·s et organisateur·trice·s impliqué·e·s dans d'autres luttes sociales... Le but du camp était de rassembler des gens pour travailler et apprendre ensemble et étudier l'agroécologie comme outil de lutte dans le contexte politique actuel. La méthodologie du camp incluait des travaux de ferme le matin suivis de discussions animées sur des sujets comme l'histoire agraire de Puerto Rico, l'agroécologie en tant qu'outils de lutte sociale et la dynamique des genres au sein des mouvements sociaux. Ces discussions étaient suivies de conversations plus informelles autour d'un feu de camp, durant lesquelles les participantes et participants poursuivaient la discussion sur les idées générées tout au long de la journée. Durant le camp, les tâches comme la cuisine et le ménage étaient partagées entre les équipes de participants et participantes et une équipe s'occupait aussi de prendre des notes durant les discussions. Vers la fin du processus, une synthèse des idées abordées a été rédigée sous forme de projet de déclaration qui a ensuite été modifié et adopté par les participantes et participants au camp.;http://organizacionboricua.blogspot.com/p/quienes-somos.html;;18,1370616;-66,3273971
